SET NAMES utf8mb4;
-- 1. Crear la base de datos
CREATE DATABASE IF NOT EXISTS sistema_ventas;
USE sistema_ventas;

-- 2. Crear tabla de Clientes
CREATE TABLE clientes (
    id_cliente INT AUTO_INCREMENT PRIMARY KEY,
    nombre VARCHAR(50) NOT NULL,
    apellido VARCHAR(50) NOT NULL,
    email VARCHAR(100) UNIQUE,
    telefono VARCHAR(20),
    direccion VARCHAR(100),
    fecha_registro DATE NOT NULL,
    activo BOOLEAN DEFAULT TRUE
);

-- 3. Crear tabla de Productos
CREATE TABLE productos (
    id_producto INT AUTO_INCREMENT PRIMARY KEY,
    nombre VARCHAR(100) NOT NULL,
    descripcion TEXT,
    precio DECIMAL(10,2) NOT NULL,
    stock INT NOT NULL DEFAULT 0,
    categoria VARCHAR(50),
    fecha_creacion DATE NOT NULL
);

-- 4. Crear tabla de Empleados
CREATE TABLE empleados (
    id_empleado INT AUTO_INCREMENT PRIMARY KEY,
    nombre VARCHAR(50) NOT NULL,
    apellido VARCHAR(50) NOT NULL,
    puesto VARCHAR(50),
    salario DECIMAL(10,2),
    fecha_contratacion DATE,
    departamento VARCHAR(50)
);

-- 5. Crear tabla de Ventas
CREATE TABLE ventas (
    id_venta INT AUTO_INCREMENT PRIMARY KEY,
    id_cliente INT NOT NULL,
    id_empleado INT NOT NULL,
    fecha_venta DATETIME NOT NULL,
    total DECIMAL(12,2) NOT NULL,
    estado VARCHAR(20) DEFAULT 'COMPLETADA',
    FOREIGN KEY (id_cliente) REFERENCES clientes(id_cliente),
    FOREIGN KEY (id_empleado) REFERENCES empleados(id_empleado)
);

-- 6. Crear tabla de Detalles_Venta
CREATE TABLE detalles_venta (
    id_detalle INT AUTO_INCREMENT PRIMARY KEY,
    id_venta INT NOT NULL,
    id_producto INT NOT NULL,
    cantidad INT NOT NULL,
    precio_unitario DECIMAL(10,2) NOT NULL,
    subtotal DECIMAL(12,2) GENERATED ALWAYS AS (cantidad * precio_unitario) STORED,
    FOREIGN KEY (id_venta) REFERENCES ventas(id_venta),
    FOREIGN KEY (id_producto) REFERENCES productos(id_producto)
);

-- 7. Insertar 50 clientes
INSERT INTO clientes (nombre, apellido, email, telefono, direccion, fecha_registro, activo) VALUES
('Juan', 'Pérez', 'juan.perez@email.com', '555-1001', 'Calle Falsa 123', '2020-01-15', TRUE),
('María', 'Gómez', 'maria.gomez@email.com', '555-1002', 'Av. Siempreviva 456', '2020-02-20', TRUE),
('Carlos', 'López', 'carlos.lopez@email.com', '555-1003', 'Boulevard Los Olivos 789', '2020-03-10', TRUE),
('Ana', 'Martínez', 'ana.martinez@email.com', '555-1004', 'Callejón Diagonal 321', '2020-04-05', TRUE),
('Luis', 'Rodríguez', 'luis.rodriguez@email.com', '555-1005', 'Pasaje Secreto 654', '2020-05-12', TRUE),
('Laura', 'Hernández', 'laura.hernandez@email.com', '555-1006', 'Avenida Central 987', '2020-06-18', TRUE),
('Pedro', 'García', 'pedro.garcia@email.com', '555-1007', 'Calle Norte 654', '2020-07-22', TRUE),
('Sofía', 'Fernández', 'sofia.fernandez@email.com', '555-1008', 'Calle Sur 321', '2020-08-30', TRUE),
('Jorge', 'Díaz', 'jorge.diaz@email.com', '555-1009', 'Boulevard Este 159', '2020-09-05', TRUE),
('Mónica', 'Sánchez', 'monica.sanchez@email.com', '555-1010', 'Boulevard Oeste 753', '2020-10-10', TRUE),
('Ricardo', 'Romero', 'ricardo.romero@email.com', '555-1011', 'Avenida Libertad 852', '2020-11-15', TRUE),
('Elena', 'Álvarez', 'elena.alvarez@email.com', '555-1012', 'Calle Independencia 963', '2020-12-20', TRUE),
('Fernando', 'Torres', 'fernando.torres@email.com', '555-1013', 'Pasaje Reforma 741', '2021-01-25', TRUE),
('Gabriela', 'Ruiz', 'gabriela.ruiz@email.com', '555-1014', 'Avenida Revolución 369', '2021-02-28', TRUE),
('Diego', 'Jiménez', 'diego.jimenez@email.com', '555-1015', 'Calle Constitución 258', '2021-03-05', TRUE),
('Patricia', 'Vargas', 'patricia.vargas@email.com', '555-1016', 'Boulevard Juárez 147', '2021-04-10', TRUE),
('Roberto', 'Mendoza', 'roberto.mendoza@email.com', '555-1017', 'Avenida Hidalgo 753', '2021-05-15', TRUE),
('Lucía', 'Castro', 'lucia.castro@email.com', '555-1018', 'Calle Morelos 951', '2021-06-20', TRUE),
('Oscar', 'Ortega', 'oscar.ortega@email.com', '555-1019', 'Pasaje Zaragoza 357', '2021-07-25', TRUE),
('Claudia', 'Ríos', 'claudia.rios@email.com', '555-1020', 'Avenida Madero 456', '2021-08-30', TRUE),
('Raúl', 'Medina', 'raul.medina@email.com', '555-1021', 'Calle Guerrero 789', '2021-09-05', TRUE),
('Verónica', 'Cortés', 'veronica.cortes@email.com', '555-1022', 'Boulevard Toluca 123', '2021-10-10', TRUE),
('Manuel', 'Guerrero', 'manuel.guerrero@email.com', '555-1023', 'Avenida Querétaro 654', '2021-11-15', TRUE),
('Isabel', 'Paredes', 'isabel.paredes@email.com', '555-1024', 'Calle Puebla 987', '2021-12-20', TRUE),
('Francisco', 'Silva', 'francisco.silva@email.com', '555-1025', 'Pasaje León 321', '2022-01-25', TRUE),
('Carmen', 'Luna', 'carmen.luna@email.com', '555-1026', 'Avenida Monterrey 654', '2022-02-28', TRUE),
('Antonio', 'Reyes', 'antonio.reyes@email.com', '555-1027', 'Boulevard Guadalajara 987', '2022-03-05', TRUE),
('Adriana', 'Navarro', 'adriana.navarro@email.com', '555-1028', 'Calle Tijuana 123', '2022-04-10', TRUE),
('Javier', 'Molina', 'javier.molina@email.com', '555-1029', 'Avenida Cancún 456', '2022-05-15', TRUE),
('Daniela', 'Salazar', 'daniela.salazar@email.com', '555-1030', 'Pasaje Acapulco 789', '2022-06-20', TRUE),
('Arturo', 'Vega', 'arturo.vega@email.com', '555-1031', 'Boulevard Mazatlán 123', '2022-07-25', TRUE),
('Teresa', 'Campos', 'teresa.campos@email.com', '555-1032', 'Avenida Veracruz 456', '2022-08-30', TRUE),
('Alejandro', 'Soto', 'alejandro.soto@email.com', '555-1033', 'Calle Chihuahua 789', '2022-09-05', TRUE),
('Rosa', 'Contreras', 'rosa.contreras@email.com', '555-1034', 'Pasaje Sonora 123', '2022-10-10', TRUE),
('Héctor', 'Miranda', 'hector.miranda@email.com', '555-1035', 'Boulevard Sinaloa 456', '2022-11-15', TRUE),
('Silvia', 'Santos', 'silvia.santos@email.com', '555-1036', 'Avenida Durango 789', '2022-12-20', TRUE),
('Miguel', 'Cervantes', 'miguel.cervantes@email.com', '555-1037', 'Calle Zacatecas 123', '2023-01-25', TRUE),
('Lourdes', 'Mejía', 'lourdes.mejia@email.com', '555-1038', 'Pasaje Nayarit 456', '2023-02-28', TRUE),
('Guillermo', 'Aguirre', 'guillermo.aguirre@email.com', '555-1039', 'Boulevard Colima 789', '2023-03-05', TRUE),
('Norma', 'Rosales', 'norma.rosales@email.com', '555-1040', 'Avenida Michoacán 123', '2023-04-10', TRUE),
('Enrique', 'Valdez', 'enrique.valdez@email.com', '555-1041', 'Calle Guerrero 456', '2023-05-15', TRUE),
('Alicia', 'Franco', 'alicia.franco@email.com', '555-1042', 'Pasaje Jalisco 789', '2023-06-20', TRUE),
('Gerardo', 'Beltran', 'gerardo.beltran@email.com', '555-1043', 'Boulevard Yucatán 123', '2023-07-25', TRUE),
('Beatriz', 'Orozco', 'beatriz.orozco@email.com', '555-1044', 'Avenida Quintana Roo 456', '2023-08-30', TRUE),
('Rodolfo', 'Galván', 'rodolfo.galvan@email.com', '555-1045', 'Calle Tabasco 789', '2023-09-05', TRUE),
('Mariana', 'Velázquez', 'mariana.velazquez@email.com', '555-1046', 'Pasaje Chiapas 123', '2023-10-10', TRUE),
('Raul', 'Núñez', 'raul.nunez@email.com', '555-1047', 'Boulevard Oaxaca 456', '2023-11-15', TRUE),
('Leticia', 'Espinoza', 'leticia.espinoza@email.com', '555-1048', 'Avenida Tlaxcala 789', '2023-12-20', TRUE),
('Alberto', 'Márquez', 'alberto.marquez@email.com', '555-1049', 'Calle Campeche 123', '2024-01-25', TRUE),
('Sofía', 'Hernández', 'sofia.hernandez@email.com', '555-1050', 'Camino Verde 987', '2024-02-28', TRUE);

-- 8. Insertar 60 productos
INSERT INTO productos (nombre, descripcion, precio, stock, categoria, fecha_creacion) VALUES
('Laptop Elite', 'Laptop de 15 pulgadas, 16GB RAM, 512GB SSD', 1200.00, 25, 'Tecnología', '2021-01-10'),
('Smartphone X', 'Teléfono inteligente con cámara de 48MP', 599.99, 50, 'Tecnología', '2021-02-15'),
('Auriculares Bluetooh', 'Auriculares inalámbricos con cancelación de ruido', 149.99, 75, 'Tecnología', '2021-03-20'),
('Mesa de Oficina', 'Mesa ergonómica para oficina 120x60cm', 199.50, 30, 'Muebles', '2021-04-05'),
('Silla Ejecutiva', 'Silla giratoria con soporte lumbar', 249.99, 40, 'Muebles', '2021-05-12'),
('Monitor 24"', 'Monitor Full HD 1920x1080 IPS', 179.99, 35, 'Tecnología', '2021-06-18'),
('Teclado Mecánico', 'Teclado gaming con switches azules', 89.99, 60, 'Tecnología', '2021-07-22'),
('Mouse Inalámbrico', 'Mouse ergonómico 2400DPI', 39.99, 100, 'Tecnología', '2021-08-30'),
('Impresora Multifunción', 'Impresora láser WiFi', 229.99, 20, 'Oficina', '2021-09-05'),
('Escáner Documentos', 'Escáner de alimentación automática', 159.99, 15, 'Oficina', '2021-10-10'),
('Router WiFi', 'Router dual band AC1200', 79.99, 40, 'Redes', '2021-11-15'),
('Disco Duro 1TB', 'Disco duro externo USB 3.0', 59.99, 50, 'Almacenamiento', '2021-12-20'),
('SSD 500GB', 'Unidad de estado sólido SATA', 69.99, 45, 'Almacenamiento', '2022-01-25'),
('Memoria USB 64GB', 'Memoria USB 3.1', 19.99, 200, 'Almacenamiento', '2022-02-28'),
('Webcam HD', 'Cámara web 1080p con micrófono', 49.99, 60, 'Tecnología', '2022-03-05'),
('Micrófono USB', 'Micrófono condensador para streaming', 99.99, 30, 'Audio', '2022-04-10'),
('Altavoces 2.1', 'Sistema de altavoces con subwoofer', 79.99, 25, 'Audio', '2022-05-15'),
('Lámpara LED', 'Lámpara de escritorio regulable', 29.99, 80, 'Iluminación', '2022-06-20'),
('Organizador Escritorio', 'Organizador de acrílico para oficina', 24.99, 50, 'Oficina', '2022-07-25'),
('Calculadora Financiera', 'Calculadora profesional 12 dígitos', 34.99, 40, 'Oficina', '2022-08-30'),
('Archivador', 'Archivador de 2 gavetas', 49.99, 30, 'Oficina', '2022-09-05'),
('Silla de Visitante', 'Silla ergonómica para visitantes', 129.99, 25, 'Muebles', '2022-10-10'),
('Estante Librero', 'Estante de 5 niveles 120cm', 89.99, 20, 'Muebles', '2022-11-15'),
('Sofá Ejecutivo', 'Sofá de 2 plazas para oficina', 399.99, 10, 'Muebles', '2022-12-20'),
('Mesa de Reuniones', 'Mesa rectangular 180x90cm', 299.99, 8, 'Muebles', '2023-01-25'),
('Pizarra Blanca', 'Pizarra magnética 120x90cm', 79.99, 15, 'Oficina', '2023-02-28'),
('Proyector HD', 'Proyector 1080p 3500 lúmenes', 349.99, 12, 'Tecnología', '2023-03-05'),
('Pantalla Proyección', 'Pantalla retráctil 200cm', 129.99, 10, 'Tecnología', '2023-04-10'),
('Batería Externa', 'Batería 20000mAh USB-C', 59.99, 30, 'Tecnología', '2023-05-15'),
('Cargador USB-C', 'Cargador rápido 65W para dispositivos USB-C', 39.99, 100, 'Accesorios', '2023-06-20'),
('Hub USB 3.0', 'Hub de 4 puertos USB 3.0', 29.99, 60, 'Accesorios', '2023-07-25'),
('Funda Laptop 15"', 'Funda protectora para laptop', 34.99, 50, 'Accesorios', '2023-08-30'),
('Mochila Portátil', 'Mochila para laptop hasta 17"', 49.99, 40, 'Accesorios', '2023-09-05'),
('Soporte Laptop', 'Soporte ergonómico ajustable', 24.99, 45, 'Accesorios', '2023-10-10'),
('Mouse Pad', 'Alfombrilla grande antideslizante', 14.99, 80, 'Accesorios', '2023-11-15'),
('Limpia Pantallas', 'Kit de limpieza para pantallas', 9.99, 120, 'Accesorios', '2023-12-20'),
('Organizador Cables', 'Kit de organización para cables', 12.99, 90, 'Accesorios', '2024-01-25'),
('Filtro Privacidad', 'Filtro de privacidad para monitor 24"', 49.99, 25, 'Accesorios', '2024-02-28'),
('Soporte Monitor', 'Brazos articulado para monitor', 89.99, 20, 'Accesorios', '2024-03-05'),
('Atril Documentos', 'Atril metálico ajustable', 19.99, 35, 'Oficina', '2024-04-10'),
('Perforadora', 'Perforadora de 2 hoyos', 14.99, 50, 'Oficina', '2024-05-15'),
('Grapadora', 'Grapadora de acero', 12.99, 60, 'Oficina', '2024-06-20'),
('Tijeras Oficina', 'Tijeras ergonómicas 20cm', 9.99, 70, 'Oficina', '2024-07-25'),
('Cinta Adhesiva', 'Cinta adhesiva transparente', 4.99, 150, 'Oficina', '2024-08-30'),
('Post-it', 'Paquete de 100 notas adhesivas', 5.99, 200, 'Oficina', '2024-09-05'),
('Marcadores', 'Set de 8 marcadores permanentes', 12.99, 80, 'Oficina', '2024-10-10'),
('Resaltadores', 'Set de 6 resaltadores', 9.99, 90, 'Oficina', '2024-11-15'),
('Lápices', 'Paquete de 12 lápices #2', 7.99, 120, 'Oficina', '2024-12-20'),
('Bolígrafos', 'Set de 10 bolígrafos azules', 8.99, 150, 'Oficina', '2025-01-25'),
('Cuaderno', 'Cuaderno profesional 200 hojas', 12.99, 60, 'Oficina', '2025-02-28'),
('Carpeta', 'Carpeta de argollas 2"', 9.99, 70, 'Oficina', '2025-03-05'),
('Separadores', 'Set de 8 separadores índice', 6.99, 100, 'Oficina', '2025-04-10'),
('Calculadora Básica', 'Calculadora de bolsillo 8 dígitos', 12.99, 50, 'Oficina', '2025-05-15'),
('Reloj de Pared', 'Reloj analógico para oficina', 24.99, 30, 'Oficina', '2025-06-20'),
('Termo', 'Termo de acero inoxidable 500ml', 29.99, 40, 'Accesorios', '2025-07-25'),
('Taza Oficina', 'Taza de cerámica 350ml', 14.99, 60, 'Accesorios', '2025-08-30'),
('Portalápices', 'Portalápices de acrílico', 9.99, 80, 'Accesorios', '2025-09-05'),
('Soporte Teléfono', 'Soporte ajustable para smartphone', 19.99, 50, 'Accesorios', '2025-10-10'),
('Alfombra Ratón', 'Alfombra ergonómica para ratón', 29.99, 40, 'Accesorios', '2025-11-15'),
('Reposamuñecas', 'Reposamuñecas ergonómico', 24.99, 45, 'Accesorios', '2025-12-20'),
('Cargador USB-C', 'Cargador rápido 65W para dispositivos USB-C', 39.99, 100, 'Accesorios', '2026-01-25');

-- 9. Insertar 20 empleados
INSERT INTO empleados (nombre, apellido, puesto, salario, fecha_contratacion, departamento) VALUES
('Roberto', 'García', 'Gerente de Ventas', 3500.00, '2019-05-10', 'Ventas'),
('Laura', 'Fernández', 'Asistente de Ventas', 2200.00, '2020-02-15', 'Ventas'),
('Pedro', 'Sánchez', 'Almacenista', 1800.00, '2020-06-20', 'Logística'),
('Carmen', 'Díaz', 'Contadora', 3200.00, '2018-11-05', 'Finanzas'),
('Jorge', 'Ramírez', 'Soporte Técnico', 2500.00, '2020-08-12', 'TI'),
('Mónica', 'Vargas', 'Recepcionista', 1900.00, '2021-07-01', 'Administración'),
('Ricardo', 'López', 'Vendedor', 2300.00, '2020-03-15', 'Ventas'),
('Patricia', 'Martínez', 'Asistente Contable', 2100.00, '2020-09-20', 'Finanzas'),
('Fernando', 'Gómez', 'Jefe de Almacén', 2600.00, '2019-10-25', 'Logística'),
('Adriana', 'Hernández', 'Diseñadora Gráfica', 2700.00, '2020-01-30', 'Marketing'),
('Oscar', 'Pérez', 'Analista de Sistemas', 2900.00, '2019-12-05', 'TI'),
('Lucía', 'Rodríguez', 'Community Manager', 2400.00, '2020-04-10', 'Marketing'),
('Raúl', 'Torres', 'Auxiliar de Almacén', 1700.00, '2021-05-15', 'Logística'),
('Claudia', 'Ruiz', 'Asistente Administrativo', 2000.00, '2020-07-20', 'Administración'),
('Manuel', 'Jiménez', 'Técnico de Soporte', 2350.00, '2020-11-25', 'TI'),
('Verónica', 'Moreno', 'Ejecutiva de Ventas', 2450.00, '2021-01-30', 'Ventas'),
('Francisco', 'Alvarez', 'Auditor', 3100.00, '2019-08-05', 'Finanzas'),
('Daniela', 'Castro', 'Asistente de Marketing', 2250.00, '2020-10-10', 'Marketing'),
('Alejandro', 'Ortega', 'Coordinador de Ventas', 2800.00, '2019-09-15', 'Ventas'),
('Mariana', 'Silva', 'Gerente de Marketing', 3400.00, '2018-12-20', 'Marketing');

-- 10. Insertar 50 ventas
INSERT INTO ventas (id_cliente, id_empleado, fecha_venta, total, estado) VALUES
(1, 2, '2022-01-05 10:30:00', 599.99, 'COMPLETADA'),
(3, 1, '2022-01-07 14:15:00', 1799.99, 'COMPLETADA'),
(5, 3, '2022-01-10 11:45:00', 449.49, 'COMPLETADA'),
(2, 2, '2022-01-12 16:20:00', 299.98, 'COMPLETADA'),
(4, 1, '2022-01-15 09:10:00', 1299.99, 'COMPLETADA'),
(6, 4, '2022-01-18 13:25:00', 229.99, 'COMPLETADA'),
(8, 5, '2022-01-20 15:30:00', 349.99, 'COMPLETADA'),
(7, 6, '2022-01-22 11:20:00', 199.50, 'COMPLETADA'),
(9, 7, '2022-01-25 10:15:00', 249.99, 'COMPLETADA'),
(10, 8, '2022-01-28 14:40:00', 179.99, 'COMPLETADA'),
(12, 9, '2022-02-01 16:50:00', 89.99, 'COMPLETADA'),
(11, 10, '2022-02-03 09:30:00', 39.99, 'COMPLETADA'),
(13, 11, '2022-02-05 11:45:00', 229.99, 'COMPLETADA'),
(15, 12, '2022-02-08 13:20:00', 159.99, 'COMPLETADA'),
(14, 13, '2022-02-10 15:10:00', 79.99, 'COMPLETADA'),
(16, 14, '2022-02-12 10:25:00', 59.99, 'COMPLETADA'),
(18, 15, '2022-02-15 14:30:00', 69.99, 'COMPLETADA'),
(17, 16, '2022-02-18 16:45:00', 19.99, 'COMPLETADA'),
(19, 17, '2022-02-20 09:15:00', 49.99, 'COMPLETADA'),
(20, 18, '2022-02-22 11:30:00', 99.99, 'COMPLETADA'),
(22, 19, '2022-02-25 13:40:00', 79.99, 'COMPLETADA'),
(21, 20, '2022-02-28 15:50:00', 29.99, 'COMPLETADA'),
(23, 1, '2022-03-02 10:20:00', 24.99, 'COMPLETADA'),
(25, 2, '2022-03-05 12:30:00', 34.99, 'COMPLETADA'),
(24, 3, '2022-03-08 14:40:00', 49.99, 'COMPLETADA'),
(26, 4, '2022-03-10 16:50:00', 129.99, 'COMPLETADA'),
(28, 5, '2022-03-12 09:15:00', 399.99, 'COMPLETADA'),
(27, 6, '2022-03-15 11:25:00', 89.99, 'COMPLETADA'),
(29, 7, '2022-03-18 13:35:00', 299.99, 'COMPLETADA'),
(30, 8, '2022-03-20 15:45:00', 79.99, 'COMPLETADA'),
(32, 9, '2022-03-22 10:10:00', 349.99, 'COMPLETADA'),
(31, 10, '2022-03-25 12:20:00', 129.99, 'COMPLETADA'),
(33, 11, '2022-03-28 14:30:00', 59.99, 'COMPLETADA'),
(35, 12, '2022-03-30 16:40:00', 39.99, 'COMPLETADA'),
(34, 13, '2022-04-02 09:05:00', 29.99, 'COMPLETADA'),
(36, 14, '2022-04-05 11:15:00', 19.99, 'COMPLETADA'),
(38, 15, '2022-04-08 13:25:00', 24.99, 'COMPLETADA'),
(37, 16, '2022-04-10 15:35:00', 34.99, 'COMPLETADA'),
(39, 17, '2022-04-12 17:45:00', 49.99, 'COMPLETADA'),
(40, 18, '2022-04-15 10:00:00', 14.99, 'COMPLETADA'),
(42, 19, '2022-04-18 12:10:00', 9.99, 'COMPLETADA'),
(41, 20, '2022-04-20 14:20:00', 12.99, 'COMPLETADA'),
(43, 1, '2022-04-22 16:30:00', 5.99, 'COMPLETADA'),
(45, 2, '2022-04-25 18:40:00', 7.99, 'COMPLETADA'),
(44, 3, '2022-04-28 09:55:00', 8.99, 'COMPLETADA'),
(46, 4, '2022-05-01 12:05:00', 12.99, 'COMPLETADA'),
(48, 5, '2022-05-03 14:15:00', 9.99, 'COMPLETADA'),
(47, 6, '2022-05-05 16:25:00', 6.99, 'COMPLETADA'),
(49, 7, '2022-05-08 18:35:00', 12.99, 'COMPLETADA'),
(50, 8, '2022-05-10 10:50:00', 24.99, 'COMPLETADA'),
(10, 9, '2022-05-15 13:00:00', 839.97, 'COMPLETADA');

-- 11. Insertar 200+ detalles de ventas
INSERT INTO detalles_venta (id_venta, id_producto, cantidad, precio_unitario) VALUES
(1, 2, 1, 599.99),
(2, 1, 1, 1200.00),
(2, 3, 1, 149.99),
(2, 5, 1, 249.99),
(2, 7, 1, 89.99),
(3, 4, 2, 199.50),
(3, 6, 1, 50.49),
(4, 8, 1, 39.99),
(4, 10, 1, 159.99),
(4, 12, 1, 59.99),
(5, 1, 1, 1200.00),
(6, 9, 1, 229.99),
(7, 11, 1, 79.99),
(7, 13, 1, 69.99),
(7, 15, 1, 49.99),
(7, 17, 1, 79.99),
(8, 4, 1, 199.50),
(9, 5, 1, 249.99),
(10, 6, 1, 179.99),
(11, 7, 1, 89.99),
(12, 8, 1, 39.99),
(13, 9, 1, 229.99),
(14, 10, 1, 159.99),
(15, 11, 1, 79.99),
(16, 12, 1, 59.99),
(17, 13, 1, 69.99),
(18, 14, 1, 19.99),
(19, 15, 1, 49.99),
(20, 16, 1, 99.99),
(21, 17, 1, 79.99),
(22, 18, 1, 29.99),
(23, 19, 1, 24.99),
(24, 20, 1, 34.99),
(25, 21, 1, 49.99),
(26, 22, 1, 129.99),
(27, 23, 1, 399.99),
(28, 24, 1, 89.99),
(29, 25, 1, 299.99),
(30, 26, 1, 79.99),
(31, 27, 1, 349.99),
(32, 28, 1, 129.99),
(33, 29, 1, 59.99),
(34, 30, 1, 39.99),
(35, 31, 1, 29.99),
(36, 32, 1, 19.99),
(37, 33, 1, 24.99),
(38, 34, 1, 34.99),
(39, 35, 1, 49.99);